1,"Solve for x.

x/5=2",10,x=10,,,60,,,typing
2,"Solve for x.

3=x/6",18,x=18,,,60,,,typing
3,"Solve for x.

x/6=5",30,x=30,,,60,,,typing
4,"Solve for x.

2=x-9",11,x=11,,,60,,,typing
5,"Solve for x.

8=x-7",15,x=15,,,60,,,typing
6,"Solve for x.

x/8=6",48,x=48,,,60,,,typing
7,"Solve for x.

x+2=11",9,x=9,,,60,,,typing
8,"Solve for x.

28=x*7",4,x=4,,,60,,,typing
9,"Solve for x.

3=x/7",21,x=21,,,60,,,typing
10,"Solve for x.

x-8=2",10,x=10,,,60,,,typing
11,"Solve for x.

30/x=5",6,x=6,,,60,,,typing
12,"Solve for x.

16=x+7",9,x=9,,,60,,,typing
13,"Solve for x.

12/x=4",3,x=3,,,60,,,typing
14,"Solve for x.

3=x-7",10,x=10,,,60,,,typing
15,"Solve for x.

21=x*3",7,x=7,,,60,,,typing
16,"Solve for x.

5*x=10",2,x=2,,,60,,,typing
17,"Solve for x.

x-6=5",11,x=11,,,60,,,typing
18,"Solve for x.

36/x=4",9,x=9,,,60,,,typing
19,"Solve for x.

6=11-x",5,x=5,,,60,,,typing
20,"Solve for x.

10=x+4",6,x=6,,,60,,,typing
21,"Solve for x.

13-x=6",7,x=7,,,60,,,typing
22,"Solve for x.

x+9=15",6,x=6,,,60,,,typing
23,"Solve for x.

12=4*x",3,x=3,,,60,,,typing
24,"Solve for x.

x*7=21",3,x=3,,,60,,,typing
25,"Solve for x.

8=x-5",13,x=13,,,60,,,typing
26,"Solve for x.

4=12/x",3,x=3,,,60,,,typing
27,"Solve for x.

9=13-x",4,x=4,,,60,,,typing
28,"Solve for x.

5*x=20",4,x=4,,,60,,,typing
29,"Solve for x.

x/4=9",36,x=36,,,60,,,typing
30,"Solve for x.

6=x-4",10,x=10,,,60,,,typing
31,"Solve for x.

9=17-x",8,x=8,,,60,,,typing
32,"Solve for x.

8/x=2",4,x=4,,,60,,,typing
33,"Solve for x.

11=2+x",9,x=9,,,60,,,typing
34,"Solve for x.

15-x=6",9,x=9,,,60,,,typing
35,"Solve for x.

7=56/x",8,x=8,,,60,,,typing
36,"Solve for x.

9=x/8",72,x=72,,,60,,,typing
37,"Solve for x.

x/9=5",45,x=45,,,60,,,typing
38,"Solve for x.

8=40/x",5,x=5,,,60,,,typing
39,"Solve for x.

4=11-x",7,x=7,,,60,,,typing
40,"Solve for x.

7-x=3",4,x=4,,,60,,,typing
41,"Solve for x.

18/x=2",9,x=9,,,60,,,typing
42,"Solve for x.

10-x=6",4,x=4,,,60,,,typing
43,"Solve for x.

36=4*x",9,x=9,,,60,,,typing
44,"Solve for x.

x-5=7",12,x=12,,,60,,,typing
45,"Solve for x.

5+x=7",2,x=2,,,60,,,typing
46,"Solve for x.

11-x=7",4,x=4,,,60,,,typing
47,"Solve for x.

16=x*2",8,x=8,,,60,,,typing
48,"Solve for x.

2*x=18",9,x=9,,,60,,,typing
49,"Solve for x.

x/5=4",20,x=20,,,60,,,typing
50,"Solve for x.

6*x=12",2,x=2,,,60,,,typing
51,"Solve for x.

x/6=4",24,x=24,,,60,,,typing
52,"Solve for x.

7=x/2",14,x=14,,,60,,,typing
53,"Solve for x.

x*9=45",5,x=5,,,60,,,typing
54,"Solve for x.

6=x-2",8,x=8,,,60,,,typing
55,"Solve for x.

12=5+x",7,x=7,,,60,,,typing
56,"Solve for x.

9=x/3",27,x=27,,,60,,,typing
57,"Solve for x.

x/4=3",12,x=12,,,60,,,typing
58,"Solve for x.

x*6=24",4,x=4,,,60,,,typing
59,"Solve for x.

42/x=7",6,x=6,,,60,,,typing
60,"Solve for x.

x*5=45",9,x=9,,,60,,,typing
61,"Solve for x.

9=x/7",63,x=63,,,60,,,typing
62,"Solve for x.

36=x*4",9,x=9,,,60,,,typing
63,"Solve for x.

x-6=3",9,x=9,,,60,,,typing
64,"Solve for x.

x/9=5",45,x=45,,,60,,,typing
65,"Solve for x.

6=x/9",54,x=54,,,60,,,typing
66,"Solve for x.

32/x=4",8,x=8,,,60,,,typing
67,"Solve for x.

4=9-x",5,x=5,,,60,,,typing
68,"Solve for x.

3=15/x",5,x=5,,,60,,,typing
69,"Solve for x.

5=15/x",3,x=3,,,60,,,typing
70,"Solve for x.

9=x-5",14,x=14,,,60,,,typing
71,"Solve for x.

12-x=4",8,x=8,,,60,,,typing
72,"Solve for x.

4=36/x",9,x=9,,,60,,,typing
73,"Solve for x.

x/7=2",14,x=14,,,60,,,typing
74,"Solve for x.

32=x*4",8,x=8,,,60,,,typing
75,"Solve for x.

20/x=4",5,x=5,,,60,,,typing
76,"Solve for x.

x/2=9",18,x=18,,,60,,,typing
77,"Solve for x.

x-3=4",7,x=7,,,60,,,typing
78,"Solve for x.

x-3=7",10,x=10,,,60,,,typing
79,"Solve for x.

4=13-x",9,x=9,,,60,,,typing
80,"Solve for x.

9-x=2",7,x=7,,,60,,,typing
81,"Solve for x.

3=x/8",24,x=24,,,60,,,typing
82,"Solve for x.

x/5=3",15,x=15,,,60,,,typing
83,"Solve for x.

18=x*3",6,x=6,,,60,,,typing
84,"Solve for x.

3=x-2",5,x=5,,,60,,,typing
85,"Solve for x.

x*3=27",9,x=9,,,60,,,typing
86,"Solve for x.

x*2=8",4,x=4,,,60,,,typing
87,"Solve for x.

7*x=63",9,x=9,,,60,,,typing
88,"Solve for x.

7=14/x",2,x=2,,,60,,,typing
89,"Solve for x.

11-x=4",7,x=7,,,60,,,typing
90,"Solve for x.

4=x-3",7,x=7,,,60,,,typing
91,"Solve for x.

x-3=4",7,x=7,,,60,,,typing
92,"Solve for x.

x/3=6",18,x=18,,,60,,,typing
93,"Solve for x.

2=x/6",12,x=12,,,60,,,typing
94,"Solve for x.

8=3+x",5,x=5,,,60,,,typing
95,"Solve for x.

9=54/x",6,x=6,,,60,,,typing
96,"Solve for x.

9=x-6",15,x=15,,,60,,,typing
97,"Solve for x.

6=24/x",4,x=4,,,60,,,typing
98,"Solve for x.

x/2=4",8,x=8,,,60,,,typing
99,"Solve for x.

48=8*x",6,x=6,,,60,,,typing
100,"Solve for x.

18/x=2",9,x=9,,,60,,,typing
101,"Solve for x.

2+x=8",6,x=6,,,60,,,typing
102,"Solve for x.

30=5*x",6,x=6,,,60,,,typing
103,"Solve for x.

7=x/2",14,x=14,,,60,,,typing
104,"Solve for x.

x/4=8",32,x=32,,,60,,,typing
105,"Solve for x.

2=x/8",16,x=16,,,60,,,typing
106,"Solve for x.

3*x=21",7,x=7,,,60,,,typing
107,"Solve for x.

6=x/5",30,x=30,,,60,,,typing
108,"Solve for x.

12-x=9",3,x=3,,,60,,,typing
109,"Solve for x.

12-x=9",3,x=3,,,60,,,typing
110,"Solve for x.

32=x*8",4,x=4,,,60,,,typing
111,"Solve for x.

11=6+x",5,x=5,,,60,,,typing
112,"Solve for x.

8*x=16",2,x=2,,,60,,,typing
113,"Solve for x.

8=x-7",15,x=15,,,60,,,typing
114,"Solve for x.

9=18/x",2,x=2,,,60,,,typing
115,"Solve for x.

x-5=2",7,x=7,,,60,,,typing
116,"Solve for x.

7=x-9",16,x=16,,,60,,,typing
117,"Solve for x.

x/8=2",16,x=16,,,60,,,typing
118,"Solve for x.

5+x=9",4,x=4,,,60,,,typing
119,"Solve for x.

6=8-x",2,x=2,,,60,,,typing
120,"Solve for x.

12/x=2",6,x=6,,,60,,,typing
121,"Solve for x.

7+x=11",4,x=4,,,60,,,typing
122,"Solve for x.

9=x-7",16,x=16,,,60,,,typing
123,"Solve for x.

x-2=8",10,x=10,,,60,,,typing
124,"Solve for x.

x*8=32",4,x=4,,,60,,,typing
125,"Solve for x.

7=15-x",8,x=8,,,60,,,typing
126,"Solve for x.

x/2=7",14,x=14,,,60,,,typing
127,"Solve for x.

8+x=11",3,x=3,,,60,,,typing
128,"Solve for x.

x-5=8",13,x=13,,,60,,,typing
129,"Solve for x.

7=9-x",2,x=2,,,60,,,typing
130,"Solve for x.

x/5=7",35,x=35,,,60,,,typing
131,"Solve for x.

8-x=2",6,x=6,,,60,,,typing
132,"Solve for x.

9+x=13",4,x=4,,,60,,,typing
133,"Solve for x.

18=x*6",3,x=3,,,60,,,typing
134,"Solve for x.

5=13-x",8,x=8,,,60,,,typing
135,"Solve for x.

4*x=28",7,x=7,,,60,,,typing
136,"Solve for x.

4+x=6",2,x=2,,,60,,,typing
137,"Solve for x.

3=x/7",21,x=21,,,60,,,typing
138,"Solve for x.

8*x=72",9,x=9,,,60,,,typing
139,"Solve for x.

8-x=3",5,x=5,,,60,,,typing
140,"Solve for x.

6+x=10",4,x=4,,,60,,,typing
141,"Solve for x.

9=5+x",4,x=4,,,60,,,typing
142,"Solve for x.

x*6=18",3,x=3,,,60,,,typing
143,"Solve for x.

9=45/x",5,x=5,,,60,,,typing
144,"Solve for x.

9+x=12",3,x=3,,,60,,,typing
145,"Solve for x.

x+7=10",3,x=3,,,60,,,typing
146,"Solve for x.

2=x/3",6,x=6,,,60,,,typing
147,"Solve for x.

2=x/6",12,x=12,,,60,,,typing
148,"Solve for x.

7=56/x",8,x=8,,,60,,,typing
149,"Solve for x.

16-x=7",9,x=9,,,60,,,typing
150,"Solve for x.

35/x=7",5,x=5,,,60,,,typing
151,"Solve for x.

45=x*9",5,x=5,,,60,,,typing
152,"Solve for x.

3=7-x",4,x=4,,,60,,,typing
153,"Solve for x.

4=20/x",5,x=5,,,60,,,typing
154,"Solve for x.

2+x=10",8,x=8,,,60,,,typing
155,"Solve for x.

x+5=11",6,x=6,,,60,,,typing
156,"Solve for x.

5=8-x",3,x=3,,,60,,,typing
157,"Solve for x.

11=6+x",5,x=5,,,60,,,typing
158,"Solve for x.

10/x=2",5,x=5,,,60,,,typing
159,"Solve for x.

9=36/x",4,x=4,,,60,,,typing
160,"Solve for x.

7+x=12",5,x=5,,,60,,,typing
161,"Solve for x.

2=x-8",10,x=10,,,60,,,typing
162,"Solve for x.

2=x-7",9,x=9,,,60,,,typing
163,"Solve for x.

8=x-4",12,x=12,,,60,,,typing
164,"Solve for x.

10-x=3",7,x=7,,,60,,,typing
165,"Solve for x.

x-3=9",12,x=12,,,60,,,typing
166,"Solve for x.

5=14-x",9,x=9,,,60,,,typing
167,"Solve for x.

12=3+x",9,x=9,,,60,,,typing
168,"Solve for x.

5=12-x",7,x=7,,,60,,,typing
169,"Solve for x.

3=12/x",4,x=4,,,60,,,typing
170,"Solve for x.

72/x=8",9,x=9,,,60,,,typing
171,"Solve for x.

3=x/5",15,x=15,,,60,,,typing
172,"Solve for x.

x/6=3",18,x=18,,,60,,,typing
173,"Solve for x.

4*x=32",8,x=8,,,60,,,typing
174,"Solve for x.

x/3=4",12,x=12,,,60,,,typing
175,"Solve for x.

7=12-x",5,x=5,,,60,,,typing
176,"Solve for x.

6=14-x",8,x=8,,,60,,,typing
177,"Solve for x.

5=x-9",14,x=14,,,60,,,typing
178,"Solve for x.

13=x+7",6,x=6,,,60,,,typing
179,"Solve for x.

9=27/x",3,x=3,,,60,,,typing
180,"Solve for x.

7=x-4",11,x=11,,,60,,,typing
181,"Solve for x.

9=x-6",15,x=15,,,60,,,typing
182,"Solve for x.

x-5=6",11,x=11,,,60,,,typing
183,"Solve for x.

x-5=9",14,x=14,,,60,,,typing
184,"Solve for x.

3=x/7",21,x=21,,,60,,,typing
185,"Solve for x.

10=6+x",4,x=4,,,60,,,typing
186,"Solve for x.

7=x/9",63,x=63,,,60,,,typing
187,"Solve for x.

6=48/x",8,x=8,,,60,,,typing
188,"Solve for x.

x/6=9",54,x=54,,,60,,,typing
189,"Solve for x.

48/x=6",8,x=8,,,60,,,typing
190,"Solve for x.

63/x=7",9,x=9,,,60,,,typing
191,"Solve for x.

10-x=2",8,x=8,,,60,,,typing
192,"Solve for x.

3+x=8",5,x=5,,,60,,,typing
193,"Solve for x.

9=12-x",3,x=3,,,60,,,typing
194,"Solve for x.

9=54/x",6,x=6,,,60,,,typing
195,"Solve for x.

5=x-7",12,x=12,,,60,,,typing
196,"Solve for x.

6=x/7",42,x=42,,,60,,,typing
197,"Solve for x.

20=x*5",4,x=4,,,60,,,typing
198,"Solve for x.

3=12/x",4,x=4,,,60,,,typing
199,"Solve for x.

x-3=9",12,x=12,,,60,,,typing
200,"Solve for x.

27=x*9",3,x=3,,,60,,,typing
201,"Solve for x.

10=x+6",4,x=4,,,60,,,typing
202,"Solve for x.

x*7=35",5,x=5,,,60,,,typing
203,"Solve for x.

x/3=5",15,x=15,,,60,,,typing
204,"Solve for x.

12-x=9",3,x=3,,,60,,,typing
205,"Solve for x.

6=9-x",3,x=3,,,60,,,typing
206,"Solve for x.

x-3=2",5,x=5,,,60,,,typing
207,"Solve for x.

2=7-x",5,x=5,,,60,,,typing
208,"Solve for x.

4=24/x",6,x=6,,,60,,,typing
209,"Solve for x.

6=x-4",10,x=10,,,60,,,typing
210,"Solve for x.

3=27/x",9,x=9,,,60,,,typing
211,"Solve for x.

30=x*5",6,x=6,,,60,,,typing
212,"Solve for x.

x+3=8",5,x=5,,,60,,,typing
213,"Solve for x.

x/9=2",18,x=18,,,60,,,typing
214,"Solve for x.

6=x/4",24,x=24,,,60,,,typing
215,"Solve for x.

12/x=2",6,x=6,,,60,,,typing
216,"Solve for x.

x-9=5",14,x=14,,,60,,,typing
217,"Solve for x.

4=12/x",3,x=3,,,60,,,typing
218,"Solve for x.

8=x/3",24,x=24,,,60,,,typing
219,"Solve for x.

x-9=4",13,x=13,,,60,,,typing
220,"Solve for x.

13=x+5",8,x=8,,,60,,,typing
221,"Solve for x.

5+x=13",8,x=8,,,60,,,typing
222,"Solve for x.

2*x=12",6,x=6,,,60,,,typing
223,"Solve for x.

7=x/5",35,x=35,,,60,,,typing
224,"Solve for x.

54/x=9",6,x=6,,,60,,,typing
225,"Solve for x.

x+6=15",9,x=9,,,60,,,typing
226,"Solve for x.

4=x/6",24,x=24,,,60,,,typing
227,"Solve for x.

3*x=15",5,x=5,,,60,,,typing
228,"Solve for x.

8=40/x",5,x=5,,,60,,,typing
229,"Solve for x.

15=6+x",9,x=9,,,60,,,typing
230,"Solve for x.

6=x/2",12,x=12,,,60,,,typing
231,"Solve for x.

x/9=7",63,x=63,,,60,,,typing
232,"Solve for x.

8+x=10",2,x=2,,,60,,,typing
233,"Solve for x.

3=15/x",5,x=5,,,60,,,typing
234,"Solve for x.

x-2=4",6,x=6,,,60,,,typing
235,"Solve for x.

20/x=4",5,x=5,,,60,,,typing
236,"Solve for x.

3=5-x",2,x=2,,,60,,,typing
237,"Solve for x.

8/x=2",4,x=4,,,60,,,typing
238,"Solve for x.

2=x/3",6,x=6,,,60,,,typing
239,"Solve for x.

9=x+4",5,x=5,,,60,,,typing
240,"Solve for x.

32/x=4",8,x=8,,,60,,,typing
241,"Solve for x.

2=x/3",6,x=6,,,60,,,typing
242,"Solve for x.

4+x=10",6,x=6,,,60,,,typing
243,"Solve for x.

x/6=8",48,x=48,,,60,,,typing
244,"Solve for x.

12=5+x",7,x=7,,,60,,,typing
245,"Solve for x.

2=14/x",7,x=7,,,60,,,typing
246,"Solve for x.

14=x+6",8,x=8,,,60,,,typing
247,"Solve for x.

12-x=3",9,x=9,,,60,,,typing
248,"Solve for x.

12-x=3",9,x=9,,,60,,,typing
249,"Solve for x.

56/x=7",8,x=8,,,60,,,typing
250,"Solve for x.

21/x=3",7,x=7,,,60,,,typing
251,"Solve for x.

x-6=7",13,x=13,,,60,,,typing
252,"Solve for x.

54=x*9",6,x=6,,,60,,,typing
253,"Solve for x.

x/4=3",12,x=12,,,60,,,typing
254,"Solve for x.

x*6=24",4,x=4,,,60,,,typing
255,"Solve for x.

8=17-x",9,x=9,,,60,,,typing
256,"Solve for x.

18=x*9",2,x=2,,,60,,,typing
257,"Solve for x.

x/8=2",16,x=16,,,60,,,typing
258,"Solve for x.

6=x/4",24,x=24,,,60,,,typing
259,"Solve for x.

7=x/4",28,x=28,,,60,,,typing
260,"Solve for x.

8=17-x",9,x=9,,,60,,,typing
261,"Solve for x.

x/3=7",21,x=21,,,60,,,typing
262,"Solve for x.

x+9=17",8,x=8,,,60,,,typing
263,"Solve for x.

8=x*2",4,x=4,,,60,,,typing
264,"Solve for x.

40=5*x",8,x=8,,,60,,,typing
265,"Solve for x.

8=x-9",17,x=17,,,60,,,typing
266,"Solve for x.

x/3=4",12,x=12,,,60,,,typing
267,"Solve for x.

8=x-3",11,x=11,,,60,,,typing
268,"Solve for x.

9-x=4",5,x=5,,,60,,,typing
269,"Solve for x.

10=4+x",6,x=6,,,60,,,typing
270,"Solve for x.

11=3+x",8,x=8,,,60,,,typing
271,"Solve for x.

21=x*7",3,x=3,,,60,,,typing
272,"Solve for x.

10=x+7",3,x=3,,,60,,,typing
273,"Solve for x.

x/7=6",42,x=42,,,60,,,typing
274,"Solve for x.

2*x=14",7,x=7,,,60,,,typing
275,"Solve for x.

2=7-x",5,x=5,,,60,,,typing
276,"Solve for x.

54=x*9",6,x=6,,,60,,,typing
277,"Solve for x.

x/3=7",21,x=21,,,60,,,typing
278,"Solve for x.

11-x=6",5,x=5,,,60,,,typing
279,"Solve for x.

5*x=35",7,x=7,,,60,,,typing
280,"Solve for x.

6-x=4",2,x=2,,,60,,,typing
281,"Solve for x.

28=x*7",4,x=4,,,60,,,typing
282,"Solve for x.

63/x=7",9,x=9,,,60,,,typing
283,"Solve for x.

30=x*5",6,x=6,,,60,,,typing
284,"Solve for x.

8/x=4",2,x=2,,,60,,,typing
285,"Solve for x.

10-x=7",3,x=3,,,60,,,typing
286,"Solve for x.

x-6=2",8,x=8,,,60,,,typing
287,"Solve for x.

45/x=9",5,x=5,,,60,,,typing
288,"Solve for x.

7=x-9",16,x=16,,,60,,,typing
289,"Solve for x.

6=2+x",4,x=4,,,60,,,typing
290,"Solve for x.

3=6/x",2,x=2,,,60,,,typing
291,"Solve for x.

9*x=36",4,x=4,,,60,,,typing
292,"Solve for x.

x*7=21",3,x=3,,,60,,,typing
293,"Solve for x.

20/x=5",4,x=4,,,60,,,typing
294,"Solve for x.

7=35/x",5,x=5,,,60,,,typing
295,"Solve for x.

x/7=2",14,x=14,,,60,,,typing
296,"Solve for x.

x/7=4",28,x=28,,,60,,,typing
297,"Solve for x.

3=x/4",12,x=12,,,60,,,typing
298,"Solve for x.

x*4=12",3,x=3,,,60,,,typing
299,"Solve for x.

8+x=13",5,x=5,,,60,,,typing
300,"Solve for x.

7-x=4",3,x=3,,,60,,,typing
301,"Solve for x.

7=12-x",5,x=5,,,60,,,typing
302,"Solve for x.

8-x=6",2,x=2,,,60,,,typing
303,"Solve for x.

x/2=6",12,x=12,,,60,,,typing
304,"Solve for x.

12=x+8",4,x=4,,,60,,,typing
305,"Solve for x.

8=11-x",3,x=3,,,60,,,typing
306,"Solve for x.

30/x=5",6,x=6,,,60,,,typing
307,"Solve for x.

9=x-5",14,x=14,,,60,,,typing
308,"Solve for x.

3+x=5",2,x=2,,,60,,,typing
309,"Solve for x.

15=x+9",6,x=6,,,60,,,typing
310,"Solve for x.

28/x=4",7,x=7,,,60,,,typing
311,"Solve for x.

15/x=5",3,x=3,,,60,,,typing
312,"Solve for x.

21/x=7",3,x=3,,,60,,,typing
313,"Solve for x.

9=x-5",14,x=14,,,60,,,typing
314,"Solve for x.

6=x/7",42,x=42,,,60,,,typing
315,"Solve for x.

2=x-3",5,x=5,,,60,,,typing
316,"Solve for x.

20/x=5",4,x=4,,,60,,,typing
317,"Solve for x.

36/x=9",4,x=4,,,60,,,typing
318,"Solve for x.

12=x+4",8,x=8,,,60,,,typing
319,"Solve for x.

6=48/x",8,x=8,,,60,,,typing
320,"Solve for x.

x-9=6",15,x=15,,,60,,,typing
321,"Solve for x.

8=13-x",5,x=5,,,60,,,typing
322,"Solve for x.

2=18/x",9,x=9,,,60,,,typing
323,"Solve for x.

x/8=7",56,x=56,,,60,,,typing
324,"Solve for x.

x+4=6",2,x=2,,,60,,,typing
325,"Solve for x.

7+x=16",9,x=9,,,60,,,typing
326,"Solve for x.

24/x=8",3,x=3,,,60,,,typing
327,"Solve for x.

3=x-9",12,x=12,,,60,,,typing
328,"Solve for x.

x/3=6",18,x=18,,,60,,,typing
329,"Solve for x.

8=x-4",12,x=12,,,60,,,typing
330,"Solve for x.

13=9+x",4,x=4,,,60,,,typing
331,"Solve for x.

x+8=17",9,x=9,,,60,,,typing
332,"Solve for x.

6=54/x",9,x=9,,,60,,,typing
333,"Solve for x.

12=x+9",3,x=3,,,60,,,typing
334,"Solve for x.

6=24/x",4,x=4,,,60,,,typing
335,"Solve for x.

7=x/5",35,x=35,,,60,,,typing
336,"Solve for x.

9=17-x",8,x=8,,,60,,,typing
337,"Solve for x.

2=x-9",11,x=11,,,60,,,typing
338,"Solve for x.

8=16/x",2,x=2,,,60,,,typing
339,"Solve for x.

6+x=9",3,x=3,,,60,,,typing
340,"Solve for x.

x-8=9",17,x=17,,,60,,,typing
341,"Solve for x.

4=36/x",9,x=9,,,60,,,typing
342,"Solve for x.

63/x=9",7,x=7,,,60,,,typing
343,"Solve for x.

x*2=18",9,x=9,,,60,,,typing
344,"Solve for x.

9=x-7",16,x=16,,,60,,,typing
345,"Solve for x.

9=11-x",2,x=2,,,60,,,typing
346,"Solve for x.

4*x=12",3,x=3,,,60,,,typing
347,"Solve for x.

8=72/x",9,x=9,,,60,,,typing
348,"Solve for x.

x-3=5",8,x=8,,,60,,,typing
349,"Solve for x.

x+4=13",9,x=9,,,60,,,typing
350,"Solve for x.

32/x=8",4,x=4,,,60,,,typing
351,"Solve for x.

3=11-x",8,x=8,,,60,,,typing
352,"Solve for x.

x+7=11",4,x=4,,,60,,,typing
353,"Solve for x.

x*3=15",5,x=5,,,60,,,typing
354,"Solve for x.

x/2=3",6,x=6,,,60,,,typing
355,"Solve for x.

9-x=5",4,x=4,,,60,,,typing
356,"Solve for x.

9=x-2",11,x=11,,,60,,,typing
357,"Solve for x.

x/9=2",18,x=18,,,60,,,typing
358,"Solve for x.

2+x=10",8,x=8,,,60,,,typing
359,"Solve for x.

9=15-x",6,x=6,,,60,,,typing
360,"Solve for x.

x/2=4",8,x=8,,,60,,,typing
361,"Solve for x.

x*8=56",7,x=7,,,60,,,typing
362,"Solve for x.

x-6=3",9,x=9,,,60,,,typing
363,"Solve for x.

x-4=6",10,x=10,,,60,,,typing
364,"Solve for x.

9=36/x",4,x=4,,,60,,,typing
365,"Solve for x.

x/4=8",32,x=32,,,60,,,typing
366,"Solve for x.

5=9-x",4,x=4,,,60,,,typing
367,"Solve for x.

9=x-8",17,x=17,,,60,,,typing
368,"Solve for x.

5=35/x",7,x=7,,,60,,,typing
369,"Solve for x.

48/x=8",6,x=6,,,60,,,typing
370,"Solve for x.

24=3*x",8,x=8,,,60,,,typing
371,"Solve for x.

2=x-8",10,x=10,,,60,,,typing
372,"Solve for x.

x-6=7",13,x=13,,,60,,,typing
373,"Solve for x.

x*6=12",2,x=2,,,60,,,typing
374,"Solve for x.

28/x=4",7,x=7,,,60,,,typing
375,"Solve for x.

11-x=6",5,x=5,,,60,,,typing
376,"Solve for x.

8=24/x",3,x=3,,,60,,,typing
377,"Solve for x.

x/6=8",48,x=48,,,60,,,typing
378,"Solve for x.

9=45/x",5,x=5,,,60,,,typing
379,"Solve for x.

x-5=7",12,x=12,,,60,,,typing
380,"Solve for x.

x/6=5",30,x=30,,,60,,,typing
381,"Solve for x.

4=20/x",5,x=5,,,60,,,typing
382,"Solve for x.

9=x-5",14,x=14,,,60,,,typing
383,"Solve for x.

2+x=9",7,x=7,,,60,,,typing
384,"Solve for x.

6=x*3",2,x=2,,,60,,,typing
385,"Solve for x.

16=x+7",9,x=9,,,60,,,typing
386,"Solve for x.

11=9+x",2,x=2,,,60,,,typing
387,"Solve for x.

6*x=48",8,x=8,,,60,,,typing
388,"Solve for x.

2=x/8",16,x=16,,,60,,,typing
389,"Solve for x.

x*4=32",8,x=8,,,60,,,typing
390,"Solve for x.

x-5=6",11,x=11,,,60,,,typing
391,"Solve for x.

2=7-x",5,x=5,,,60,,,typing
392,"Solve for x.

9+x=17",8,x=8,,,60,,,typing
393,"Solve for x.

8=10-x",2,x=2,,,60,,,typing
394,"Solve for x.

x/3=5",15,x=15,,,60,,,typing
395,"Solve for x.

36=4*x",9,x=9,,,60,,,typing
396,"Solve for x.

7=15-x",8,x=8,,,60,,,typing
397,"Solve for x.

x+5=14",9,x=9,,,60,,,typing
398,"Solve for x.

8=x-2",10,x=10,,,60,,,typing
399,"Solve for x.

x/7=8",56,x=56,,,60,,,typing
400,"Solve for x.

35/x=7",5,x=5,,,60,,,typing
401,"Solve for x.

9=x-2",11,x=11,,,60,,,typing
402,"Solve for x.

2=x/9",18,x=18,,,60,,,typing
403,"Solve for x.

11-x=4",7,x=7,,,60,,,typing
404,"Solve for x.

x-3=9",12,x=12,,,60,,,typing
405,"Solve for x.

36/x=9",4,x=4,,,60,,,typing
406,"Solve for x.

x-4=3",7,x=7,,,60,,,typing
407,"Solve for x.

x*9=54",6,x=6,,,60,,,typing
408,"Solve for x.

8=32/x",4,x=4,,,60,,,typing
409,"Solve for x.

11-x=7",4,x=4,,,60,,,typing
410,"Solve for x.

18=9*x",2,x=2,,,60,,,typing
411,"Solve for x.

x+2=10",8,x=8,,,60,,,typing
412,"Solve for x.

8=5+x",3,x=3,,,60,,,typing
413,"Solve for x.

7+x=13",6,x=6,,,60,,,typing
414,"Solve for x.

14=6+x",8,x=8,,,60,,,typing
415,"Solve for x.

8=x/2",16,x=16,,,60,,,typing
416,"Solve for x.

4=28/x",7,x=7,,,60,,,typing
417,"Solve for x.

3=27/x",9,x=9,,,60,,,typing
418,"Solve for x.

56/x=8",7,x=7,,,60,,,typing
419,"Solve for x.

x+7=13",6,x=6,,,60,,,typing
420,"Solve for x.

x-8=7",15,x=15,,,60,,,typing
421,"Solve for x.

15=x*5",3,x=3,,,60,,,typing
422,"Solve for x.

x-6=3",9,x=9,,,60,,,typing
423,"Solve for x.

4+x=6",2,x=2,,,60,,,typing
424,"Solve for x.

42=x*7",6,x=6,,,60,,,typing
425,"Solve for x.

6=x/9",54,x=54,,,60,,,typing
426,"Solve for x.

x/9=5",45,x=45,,,60,,,typing
427,"Solve for x.

12=4*x",3,x=3,,,60,,,typing
428,"Solve for x.

x-3=9",12,x=12,,,60,,,typing
429,"Solve for x.

x+8=11",3,x=3,,,60,,,typing
430,"Solve for x.

20=x*4",5,x=5,,,60,,,typing
431,"Solve for x.

20=5*x",4,x=4,,,60,,,typing
432,"Solve for x.

5=x/4",20,x=20,,,60,,,typing
433,"Solve for x.

63=x*7",9,x=9,,,60,,,typing
434,"Solve for x.

9-x=7",2,x=2,,,60,,,typing
435,"Solve for x.

2=10/x",5,x=5,,,60,,,typing
436,"Solve for x.

x-6=5",11,x=11,,,60,,,typing
437,"Solve for x.

11-x=8",3,x=3,,,60,,,typing
438,"Solve for x.

9=72/x",8,x=8,,,60,,,typing
439,"Solve for x.

2=8-x",6,x=6,,,60,,,typing
440,"Solve for x.

2=10/x",5,x=5,,,60,,,typing
441,"Solve for x.

40=8*x",5,x=5,,,60,,,typing
442,"Solve for x.

5=35/x",7,x=7,,,60,,,typing
443,"Solve for x.

12-x=4",8,x=8,,,60,,,typing
444,"Solve for x.

x/3=4",12,x=12,,,60,,,typing
445,"Solve for x.

x/6=5",30,x=30,,,60,,,typing
446,"Solve for x.

x+8=17",9,x=9,,,60,,,typing
447,"Solve for x.

15-x=6",9,x=9,,,60,,,typing
448,"Solve for x.

3=21/x",7,x=7,,,60,,,typing
449,"Solve for x.

x+3=12",9,x=9,,,60,,,typing
450,"Solve for x.

12=2*x",6,x=6,,,60,,,typing
451,"Solve for x.

4=x-8",12,x=12,,,60,,,typing
452,"Solve for x.

x*7=42",6,x=6,,,60,,,typing
453,"Solve for x.

4*x=12",3,x=3,,,60,,,typing
454,"Solve for x.

7=x/9",63,x=63,,,60,,,typing
455,"Solve for x.

x-2=7",9,x=9,,,60,,,typing
456,"Solve for x.

5=x-7",12,x=12,,,60,,,typing
457,"Solve for x.

4=12-x",8,x=8,,,60,,,typing
458,"Solve for x.

30/x=6",5,x=5,,,60,,,typing
459,"Solve for x.

56/x=8",7,x=7,,,60,,,typing
460,"Solve for x.

8=17-x",9,x=9,,,60,,,typing
461,"Solve for x.

45/x=5",9,x=9,,,60,,,typing
462,"Solve for x.

x-4=3",7,x=7,,,60,,,typing
463,"Solve for x.

35=7*x",5,x=5,,,60,,,typing
464,"Solve for x.

8=x-9",17,x=17,,,60,,,typing
465,"Solve for x.

5=x/7",35,x=35,,,60,,,typing
466,"Solve for x.

5=x/2",10,x=10,,,60,,,typing
467,"Solve for x.

10-x=2",8,x=8,,,60,,,typing
468,"Solve for x.

30/x=6",5,x=5,,,60,,,typing
469,"Solve for x.

6=x-7",13,x=13,,,60,,,typing
470,"Solve for x.

15=x+8",7,x=7,,,60,,,typing
471,"Solve for x.

6+x=8",2,x=2,,,60,,,typing
472,"Solve for x.

12/x=4",3,x=3,,,60,,,typing
473,"Solve for x.

6-x=4",2,x=2,,,60,,,typing
474,"Solve for x.

10=x*5",2,x=2,,,60,,,typing
475,"Solve for x.

x*8=56",7,x=7,,,60,,,typing
476,"Solve for x.

13-x=6",7,x=7,,,60,,,typing
477,"Solve for x.

2=11-x",9,x=9,,,60,,,typing
478,"Solve for x.

x+9=13",4,x=4,,,60,,,typing
479,"Solve for x.

16=x+9",7,x=7,,,60,,,typing
480,"Solve for x.

12/x=2",6,x=6,,,60,,,typing
481,"Solve for x.

6=x/7",42,x=42,,,60,,,typing
482,"Solve for x.

9=11-x",2,x=2,,,60,,,typing
483,"Solve for x.

45=5*x",9,x=9,,,60,,,typing
484,"Solve for x.

8=32/x",4,x=4,,,60,,,typing
485,"Solve for x.

10-x=7",3,x=3,,,60,,,typing
486,"Solve for x.

5=30/x",6,x=6,,,60,,,typing
487,"Solve for x.

28=4*x",7,x=7,,,60,,,typing
488,"Solve for x.

7=x/6",42,x=42,,,60,,,typing
489,"Solve for x.

4=36/x",9,x=9,,,60,,,typing
490,"Solve for x.

16=8*x",2,x=2,,,60,,,typing
491,"Solve for x.

x-6=8",14,x=14,,,60,,,typing
492,"Solve for x.

63=x*9",7,x=7,,,60,,,typing
493,"Solve for x.

10=x+4",6,x=6,,,60,,,typing
494,"Solve for x.

2=16/x",8,x=8,,,60,,,typing
495,"Solve for x.

8=14-x",6,x=6,,,60,,,typing
496,"Solve for x.

56=x*7",8,x=8,,,60,,,typing
497,"Solve for x.

13=x+4",9,x=9,,,60,,,typing
498,"Solve for x.

7+x=11",4,x=4,,,60,,,typing
499,"Solve for x.

5=x/8",40,x=40,,,60,,,typing
500,"Solve for x.

5=13-x",8,x=8,,,60,,,typing
501,"Solve for x.

7=x-8",15,x=15,,,60,,,typing
502,"Solve for x.

7*x=28",4,x=4,,,60,,,typing
503,"Solve for x.

14=x*2",7,x=7,,,60,,,typing
504,"Solve for x.

7=x-5",12,x=12,,,60,,,typing
505,"Solve for x.

x/8=7",56,x=56,,,60,,,typing
506,"Solve for x.

7=21/x",3,x=3,,,60,,,typing
507,"Solve for x.

8=16/x",2,x=2,,,60,,,typing
508,"Solve for x.

x-5=8",13,x=13,,,60,,,typing
509,"Solve for x.

45=5*x",9,x=9,,,60,,,typing
510,"Solve for x.

x/6=8",48,x=48,,,60,,,typing
511,"Solve for x.

9=x/4",36,x=36,,,60,,,typing
512,"Solve for x.

3=x-5",8,x=8,,,60,,,typing
513,"Solve for x.

3=x/4",12,x=12,,,60,,,typing
514,"Solve for x.

x/3=9",27,x=27,,,60,,,typing
515,"Solve for x.

10-x=6",4,x=4,,,60,,,typing
516,"Solve for x.

12=x*4",3,x=3,,,60,,,typing
517,"Solve for x.

x-6=9",15,x=15,,,60,,,typing
518,"Solve for x.

2=x/4",8,x=8,,,60,,,typing
519,"Solve for x.

8+x=12",4,x=4,,,60,,,typing
520,"Solve for x.

x/7=2",14,x=14,,,60,,,typing
521,"Solve for x.

16=8*x",2,x=2,,,60,,,typing
522,"Solve for x.

9=14-x",5,x=5,,,60,,,typing
523,"Solve for x.

11=x+4",7,x=7,,,60,,,typing
524,"Solve for x.

x+5=13",8,x=8,,,60,,,typing
525,"Solve for x.

7=16-x",9,x=9,,,60,,,typing
526,"Solve for x.

x-8=6",14,x=14,,,60,,,typing
527,"Solve for x.

11-x=3",8,x=8,,,60,,,typing
528,"Solve for x.

2*x=18",9,x=9,,,60,,,typing
529,"Solve for x.

10=5*x",2,x=2,,,60,,,typing
530,"Solve for x.

x*3=15",5,x=5,,,60,,,typing
531,"Solve for x.

5-x=3",2,x=2,,,60,,,typing
532,"Solve for x.

10-x=3",7,x=7,,,60,,,typing
533,"Solve for x.

35/x=7",5,x=5,,,60,,,typing
534,"Solve for x.

45/x=9",5,x=5,,,60,,,typing
535,"Solve for x.

8=x-6",14,x=14,,,60,,,typing
536,"Solve for x.

4*x=8",2,x=2,,,60,,,typing
537,"Solve for x.

5=x-2",7,x=7,,,60,,,typing
538,"Solve for x.

15=x+6",9,x=9,,,60,,,typing
539,"Solve for x.

x-7=8",15,x=15,,,60,,,typing
540,"Solve for x.

x/3=6",18,x=18,,,60,,,typing
541,"Solve for x.

2=10-x",8,x=8,,,60,,,typing
542,"Solve for x.

11=8+x",3,x=3,,,60,,,typing
543,"Solve for x.

x-3=6",9,x=9,,,60,,,typing
544,"Solve for x.

16/x=8",2,x=2,,,60,,,typing
545,"Solve for x.

14=8+x",6,x=6,,,60,,,typing
546,"Solve for x.

x*7=28",4,x=4,,,60,,,typing
547,"Solve for x.

6=48/x",8,x=8,,,60,,,typing
548,"Solve for x.

24/x=4",6,x=6,,,60,,,typing
549,"Solve for x.

20=x*5",4,x=4,,,60,,,typing
550,"Solve for x.

6=11-x",5,x=5,,,60,,,typing
551,"Solve for x.

8+x=14",6,x=6,,,60,,,typing
552,"Solve for x.

x+5=11",6,x=6,,,60,,,typing
553,"Solve for x.

6=x/3",18,x=18,,,60,,,typing
554,"Solve for x.

12/x=6",2,x=2,,,60,,,typing
555,"Solve for x.

2*x=10",5,x=5,,,60,,,typing
556,"Solve for x.

10-x=7",3,x=3,,,60,,,typing
557,"Solve for x.

x/8=6",48,x=48,,,60,,,typing
558,"Solve for x.

5=8-x",3,x=3,,,60,,,typing
559,"Solve for x.

3=5-x",2,x=2,,,60,,,typing
560,"Solve for x.

18=x*9",2,x=2,,,60,,,typing
561,"Solve for x.

14/x=2",7,x=7,,,60,,,typing
562,"Solve for x.

5=30/x",6,x=6,,,60,,,typing
563,"Solve for x.

x-2=6",8,x=8,,,60,,,typing
564,"Solve for x.

6*x=12",2,x=2,,,60,,,typing
565,"Solve for x.

12=5+x",7,x=7,,,60,,,typing
566,"Solve for x.

9=x+5",4,x=4,,,60,,,typing
567,"Solve for x.

5=8-x",3,x=3,,,60,,,typing
568,"Solve for x.

6+x=10",4,x=4,,,60,,,typing
569,"Solve for x.

9=x/4",36,x=36,,,60,,,typing
570,"Solve for x.

x+7=9",2,x=2,,,60,,,typing
571,"Solve for x.

14-x=5",9,x=9,,,60,,,typing
572,"Solve for x.

17-x=8",9,x=9,,,60,,,typing
573,"Solve for x.

4=x-5",9,x=9,,,60,,,typing
574,"Solve for x.

2*x=12",6,x=6,,,60,,,typing
575,"Solve for x.

16=x+9",7,x=7,,,60,,,typing
576,"Solve for x.

2=x/8",16,x=16,,,60,,,typing
577,"Solve for x.

72/x=8",9,x=9,,,60,,,typing
578,"Solve for x.

6=8-x",2,x=2,,,60,,,typing
579,"Solve for x.

9=x/8",72,x=72,,,60,,,typing
580,"Solve for x.

8=x-9",17,x=17,,,60,,,typing
581,"Solve for x.

32/x=4",8,x=8,,,60,,,typing
582,"Solve for x.

15=5*x",3,x=3,,,60,,,typing
583,"Solve for x.

48=8*x",6,x=6,,,60,,,typing
584,"Solve for x.

11-x=8",3,x=3,,,60,,,typing
585,"Solve for x.

3=9-x",6,x=6,,,60,,,typing
586,"Solve for x.

4=24/x",6,x=6,,,60,,,typing
587,"Solve for x.

8=4*x",2,x=2,,,60,,,typing
588,"Solve for x.

45/x=9",5,x=5,,,60,,,typing
589,"Solve for x.

56=x*8",7,x=7,,,60,,,typing
590,"Solve for x.

7=56/x",8,x=8,,,60,,,typing
591,"Solve for x.

8=x/2",16,x=16,,,60,,,typing
592,"Solve for x.

13-x=5",8,x=8,,,60,,,typing
593,"Solve for x.

12=7+x",5,x=5,,,60,,,typing
594,"Solve for x.

6=x-9",15,x=15,,,60,,,typing
595,"Solve for x.

8=x/7",56,x=56,,,60,,,typing
596,"Solve for x.

x/6=7",42,x=42,,,60,,,typing
597,"Solve for x.

3=11-x",8,x=8,,,60,,,typing
598,"Solve for x.

9-x=3",6,x=6,,,60,,,typing
599,"Solve for x.

16=7+x",9,x=9,,,60,,,typing
600,"Solve for x.

9=x-6",15,x=15,,,60,,,typing
601,"Solve for x.

8+x=11",3,x=3,,,60,,,typing
602,"Solve for x.

12/x=6",2,x=2,,,60,,,typing
603,"Solve for x.

15=x*5",3,x=3,,,60,,,typing
604,"Solve for x.

x+3=12",9,x=9,,,60,,,typing
605,"Solve for x.

x*9=45",5,x=5,,,60,,,typing
606,"Solve for x.

7+x=10",3,x=3,,,60,,,typing
607,"Solve for x.

30/x=6",5,x=5,,,60,,,typing
608,"Solve for x.

3=x/2",6,x=6,,,60,,,typing
609,"Solve for x.

8=16/x",2,x=2,,,60,,,typing
610,"Solve for x.

10-x=6",4,x=4,,,60,,,typing
611,"Solve for x.

8=13-x",5,x=5,,,60,,,typing
612,"Solve for x.

5=15/x",3,x=3,,,60,,,typing
613,"Solve for x.

x-3=6",9,x=9,,,60,,,typing
614,"Solve for x.

7=x/8",56,x=56,,,60,,,typing
615,"Solve for x.

4=28/x",7,x=7,,,60,,,typing
616,"Solve for x.

6=24/x",4,x=4,,,60,,,typing
617,"Solve for x.

x*8=40",5,x=5,,,60,,,typing
618,"Solve for x.

6=x/2",12,x=12,,,60,,,typing
619,"Solve for x.

9=x-2",11,x=11,,,60,,,typing
620,"Solve for x.

x/7=4",28,x=28,,,60,,,typing
621,"Solve for x.

3*x=6",2,x=2,,,60,,,typing
622,"Solve for x.

13-x=9",4,x=4,,,60,,,typing
623,"Solve for x.

x-8=7",15,x=15,,,60,,,typing
624,"Solve for x.

6*x=54",9,x=9,,,60,,,typing
625,"Solve for x.

8=x/5",40,x=40,,,60,,,typing
626,"Solve for x.

11=x+6",5,x=5,,,60,,,typing
627,"Solve for x.

63=7*x",9,x=9,,,60,,,typing
628,"Solve for x.

2=7-x",5,x=5,,,60,,,typing
629,"Solve for x.

5=8-x",3,x=3,,,60,,,typing
630,"Solve for x.

8=11-x",3,x=3,,,60,,,typing
631,"Solve for x.

6=x-7",13,x=13,,,60,,,typing
632,"Solve for x.

5+x=12",7,x=7,,,60,,,typing
633,"Solve for x.

40/x=8",5,x=5,,,60,,,typing
634,"Solve for x.

4=6-x",2,x=2,,,60,,,typing
635,"Solve for x.

5=x/6",30,x=30,,,60,,,typing
636,"Solve for x.

x-5=9",14,x=14,,,60,,,typing
637,"Solve for x.

4=x-7",11,x=11,,,60,,,typing
638,"Solve for x.

17-x=8",9,x=9,,,60,,,typing
639,"Solve for x.

3=24/x",8,x=8,,,60,,,typing
640,"Solve for x.

10=7+x",3,x=3,,,60,,,typing
641,"Solve for x.

13=x+6",7,x=7,,,60,,,typing
642,"Solve for x.

x-9=7",16,x=16,,,60,,,typing
643,"Solve for x.

28/x=7",4,x=4,,,60,,,typing
644,"Solve for x.

6/x=3",2,x=2,,,60,,,typing
645,"Solve for x.

3=x-5",8,x=8,,,60,,,typing
646,"Solve for x.

2=x/4",8,x=8,,,60,,,typing
647,"Solve for x.

18/x=6",3,x=3,,,60,,,typing
648,"Solve for x.

2=x-7",9,x=9,,,60,,,typing
649,"Solve for x.

10-x=3",7,x=7,,,60,,,typing
650,"Solve for x.

x*7=14",2,x=2,,,60,,,typing
651,"Solve for x.

2=x/3",6,x=6,,,60,,,typing
652,"Solve for x.

5=35/x",7,x=7,,,60,,,typing
653,"Solve for x.

63=7*x",9,x=9,,,60,,,typing
654,"Solve for x.

11=9+x",2,x=2,,,60,,,typing
655,"Solve for x.

x/8=3",24,x=24,,,60,,,typing
656,"Solve for x.

16/x=8",2,x=2,,,60,,,typing
657,"Solve for x.

9=27/x",3,x=3,,,60,,,typing
658,"Solve for x.

8=40/x",5,x=5,,,60,,,typing
659,"Solve for x.

11-x=7",4,x=4,,,60,,,typing
660,"Solve for x.

8=2*x",4,x=4,,,60,,,typing
661,"Solve for x.

28=x*7",4,x=4,,,60,,,typing
662,"Solve for x.

x-8=3",11,x=11,,,60,,,typing
663,"Solve for x.

x-6=3",9,x=9,,,60,,,typing
664,"Solve for x.

5*x=20",4,x=4,,,60,,,typing
665,"Solve for x.

18=2*x",9,x=9,,,60,,,typing
666,"Solve for x.

5=9-x",4,x=4,,,60,,,typing
667,"Solve for x.

21=7*x",3,x=3,,,60,,,typing
668,"Solve for x.

28=7*x",4,x=4,,,60,,,typing
669,"Solve for x.

35/x=7",5,x=5,,,60,,,typing
670,"Solve for x.

x/5=8",40,x=40,,,60,,,typing
671,"Solve for x.

x-4=5",9,x=9,,,60,,,typing
672,"Solve for x.

8=x/4",32,x=32,,,60,,,typing
673,"Solve for x.

9*x=63",7,x=7,,,60,,,typing
674,"Solve for x.

x-6=2",8,x=8,,,60,,,typing
675,"Solve for x.

8=x*2",4,x=4,,,60,,,typing
676,"Solve for x.

12-x=9",3,x=3,,,60,,,typing
677,"Solve for x.

2=x/6",12,x=12,,,60,,,typing
678,"Solve for x.

13-x=8",5,x=5,,,60,,,typing
679,"Solve for x.

36=9*x",4,x=4,,,60,,,typing
680,"Solve for x.

x-2=5",7,x=7,,,60,,,typing
681,"Solve for x.

15=5*x",3,x=3,,,60,,,typing
682,"Solve for x.

6*x=48",8,x=8,,,60,,,typing
683,"Solve for x.

4=8/x",2,x=2,,,60,,,typing
684,"Solve for x.

4=x-2",6,x=6,,,60,,,typing
685,"Solve for x.

x/5=9",45,x=45,,,60,,,typing
686,"Solve for x.

48/x=8",6,x=6,,,60,,,typing
687,"Solve for x.

4=x/7",28,x=28,,,60,,,typing
688,"Solve for x.

9=x/7",63,x=63,,,60,,,typing
689,"Solve for x.

x+3=5",2,x=2,,,60,,,typing
690,"Solve for x.

x-9=4",13,x=13,,,60,,,typing
691,"Solve for x.

x-5=3",8,x=8,,,60,,,typing
692,"Solve for x.

17=x+8",9,x=9,,,60,,,typing
693,"Solve for x.

x/7=5",35,x=35,,,60,,,typing
694,"Solve for x.

35/x=5",7,x=7,,,60,,,typing
695,"Solve for x.

2+x=7",5,x=5,,,60,,,typing
696,"Solve for x.

x-6=2",8,x=8,,,60,,,typing
697,"Solve for x.

x+7=9",2,x=2,,,60,,,typing
698,"Solve for x.

x-5=4",9,x=9,,,60,,,typing
699,"Solve for x.

x+2=10",8,x=8,,,60,,,typing
700,"Solve for x.

6=10-x",4,x=4,,,60,,,typing
701,"Solve for x.

x*3=12",4,x=4,,,60,,,typing
702,"Solve for x.

x/3=7",21,x=21,,,60,,,typing
703,"Solve for x.

5=10/x",2,x=2,,,60,,,typing
704,"Solve for x.

10=2+x",8,x=8,,,60,,,typing
705,"Solve for x.

7=21/x",3,x=3,,,60,,,typing
706,"Solve for x.

12/x=4",3,x=3,,,60,,,typing
707,"Solve for x.

56=x*8",7,x=7,,,60,,,typing
708,"Solve for x.

63/x=7",9,x=9,,,60,,,typing
709,"Solve for x.

4+x=11",7,x=7,,,60,,,typing
710,"Solve for x.

10=3+x",7,x=7,,,60,,,typing
711,"Solve for x.

x/9=4",36,x=36,,,60,,,typing
712,"Solve for x.

x-8=2",10,x=10,,,60,,,typing
713,"Solve for x.

20/x=5",4,x=4,,,60,,,typing
714,"Solve for x.

20/x=4",5,x=5,,,60,,,typing
715,"Solve for x.

6/x=3",2,x=2,,,60,,,typing
716,"Solve for x.

8=x+5",3,x=3,,,60,,,typing
717,"Solve for x.

x/2=4",8,x=8,,,60,,,typing
718,"Solve for x.

45=5*x",9,x=9,,,60,,,typing
719,"Solve for x.

14=8+x",6,x=6,,,60,,,typing
720,"Solve for x.

x+5=7",2,x=2,,,60,,,typing
721,"Solve for x.

x+4=10",6,x=6,,,60,,,typing
722,"Solve for x.

7=x/6",42,x=42,,,60,,,typing
723,"Solve for x.

12-x=4",8,x=8,,,60,,,typing
724,"Solve for x.

x+2=10",8,x=8,,,60,,,typing
725,"Solve for x.

24/x=6",4,x=4,,,60,,,typing
726,"Solve for x.

8*x=24",3,x=3,,,60,,,typing
727,"Solve for x.

x/9=2",18,x=18,,,60,,,typing
728,"Solve for x.

9=x/6",54,x=54,,,60,,,typing
729,"Solve for x.

6*x=48",8,x=8,,,60,,,typing
730,"Solve for x.

7=x/9",63,x=63,,,60,,,typing
731,"Solve for x.

x*8=40",5,x=5,,,60,,,typing
732,"Solve for x.

x/6=8",48,x=48,,,60,,,typing
733,"Solve for x.

14=2*x",7,x=7,,,60,,,typing
734,"Solve for x.

x+2=9",7,x=7,,,60,,,typing
735,"Solve for x.

15=x+9",6,x=6,,,60,,,typing
736,"Solve for x.

35=x*5",7,x=7,,,60,,,typing
737,"Solve for x.

40/x=5",8,x=8,,,60,,,typing
738,"Solve for x.

14-x=9",5,x=5,,,60,,,typing
739,"Solve for x.

12/x=2",6,x=6,,,60,,,typing
740,"Solve for x.

4=x-7",11,x=11,,,60,,,typing
741,"Solve for x.

x-2=8",10,x=10,,,60,,,typing
742,"Solve for x.

x/4=6",24,x=24,,,60,,,typing
743,"Solve for x.

10=x+4",6,x=6,,,60,,,typing
744,"Solve for x.

6=8-x",2,x=2,,,60,,,typing
745,"Solve for x.

8-x=3",5,x=5,,,60,,,typing
746,"Solve for x.

x*9=27",3,x=3,,,60,,,typing
747,"Solve for x.

6=42/x",7,x=7,,,60,,,typing
748,"Solve for x.

x-3=7",10,x=10,,,60,,,typing
749,"Solve for x.

8=x-4",12,x=12,,,60,,,typing
750,"Solve for x.

16=x+9",7,x=7,,,60,,,typing
751,"Solve for x.

x/2=9",18,x=18,,,60,,,typing
752,"Solve for x.

x-8=6",14,x=14,,,60,,,typing
753,"Solve for x.

7=x-8",15,x=15,,,60,,,typing
754,"Solve for x.

6=30/x",5,x=5,,,60,,,typing
755,"Solve for x.

5=x+2",3,x=3,,,60,,,typing
756,"Solve for x.

8=x+6",2,x=2,,,60,,,typing
757,"Solve for x.

x+4=10",6,x=6,,,60,,,typing
758,"Solve for x.

8=x/4",32,x=32,,,60,,,typing
759,"Solve for x.

x-2=9",11,x=11,,,60,,,typing
760,"Solve for x.

6*x=42",7,x=7,,,60,,,typing
761,"Solve for x.

6=15-x",9,x=9,,,60,,,typing
762,"Solve for x.

x/6=9",54,x=54,,,60,,,typing
763,"Solve for x.

14-x=9",5,x=5,,,60,,,typing
764,"Solve for x.

2=x/7",14,x=14,,,60,,,typing
765,"Solve for x.

x*9=72",8,x=8,,,60,,,typing
766,"Solve for x.

x*8=72",9,x=9,,,60,,,typing
767,"Solve for x.

13=x+8",5,x=5,,,60,,,typing
768,"Solve for x.

6=54/x",9,x=9,,,60,,,typing
769,"Solve for x.

8=x-9",17,x=17,,,60,,,typing
770,"Solve for x.

27=x*3",9,x=9,,,60,,,typing
771,"Solve for x.

x+5=14",9,x=9,,,60,,,typing
772,"Solve for x.

36=4*x",9,x=9,,,60,,,typing
773,"Solve for x.

12=x+7",5,x=5,,,60,,,typing
774,"Solve for x.

14=2*x",7,x=7,,,60,,,typing
775,"Solve for x.

5=9-x",4,x=4,,,60,,,typing
776,"Solve for x.

11-x=8",3,x=3,,,60,,,typing
777,"Solve for x.

3*x=24",8,x=8,,,60,,,typing
778,"Solve for x.

4=6-x",2,x=2,,,60,,,typing
779,"Solve for x.

x-2=3",5,x=5,,,60,,,typing
780,"Solve for x.

30/x=6",5,x=5,,,60,,,typing
781,"Solve for x.

12=3*x",4,x=4,,,60,,,typing
782,"Solve for x.

18/x=3",6,x=6,,,60,,,typing
783,"Solve for x.

11-x=8",3,x=3,,,60,,,typing
784,"Solve for x.

x-8=4",12,x=12,,,60,,,typing
785,"Solve for x.

12-x=4",8,x=8,,,60,,,typing
786,"Solve for x.

6+x=11",5,x=5,,,60,,,typing
787,"Solve for x.

13=x+6",7,x=7,,,60,,,typing
788,"Solve for x.

5-x=2",3,x=3,,,60,,,typing
789,"Solve for x.

20/x=4",5,x=5,,,60,,,typing
790,"Solve for x.

40/x=5",8,x=8,,,60,,,typing
791,"Solve for x.

9=16-x",7,x=7,,,60,,,typing
792,"Solve for x.

x*9=54",6,x=6,,,60,,,typing
793,"Solve for x.

14/x=7",2,x=2,,,60,,,typing
794,"Solve for x.

36=9*x",4,x=4,,,60,,,typing
795,"Solve for x.

2=8-x",6,x=6,,,60,,,typing
796,"Solve for x.

x/5=9",45,x=45,,,60,,,typing
797,"Solve for x.

7=35/x",5,x=5,,,60,,,typing
798,"Solve for x.

2=9-x",7,x=7,,,60,,,typing
799,"Solve for x.

56=7*x",8,x=8,,,60,,,typing
800,"Solve for x.

54/x=6",9,x=9,,,60,,,typing
801,"Solve for x.

x/6=5",30,x=30,,,60,,,typing
802,"Solve for x.

x/9=6",54,x=54,,,60,,,typing
803,"Solve for x.

7*x=42",6,x=6,,,60,,,typing
804,"Solve for x.

5=13-x",8,x=8,,,60,,,typing
805,"Solve for x.

4=32/x",8,x=8,,,60,,,typing
806,"Solve for x.

14-x=9",5,x=5,,,60,,,typing
807,"Solve for x.

8=17-x",9,x=9,,,60,,,typing
808,"Solve for x.

6=48/x",8,x=8,,,60,,,typing
809,"Solve for x.

x-3=6",9,x=9,,,60,,,typing
810,"Solve for x.

x-5=8",13,x=13,,,60,,,typing
811,"Solve for x.

7=x/4",28,x=28,,,60,,,typing
812,"Solve for x.

30/x=6",5,x=5,,,60,,,typing
813,"Solve for x.

3=x-6",9,x=9,,,60,,,typing
814,"Solve for x.

18/x=2",9,x=9,,,60,,,typing
815,"Solve for x.

10=x+6",4,x=4,,,60,,,typing
816,"Solve for x.

9=x-4",13,x=13,,,60,,,typing
817,"Solve for x.

x/2=3",6,x=6,,,60,,,typing
818,"Solve for x.

2*x=18",9,x=9,,,60,,,typing
819,"Solve for x.

8*x=32",4,x=4,,,60,,,typing
820,"Solve for x.

12/x=6",2,x=2,,,60,,,typing
821,"Solve for x.

7=x/3",21,x=21,,,60,,,typing
822,"Solve for x.

8=x-4",12,x=12,,,60,,,typing
823,"Solve for x.

8=10-x",2,x=2,,,60,,,typing
824,"Solve for x.

6=14-x",8,x=8,,,60,,,typing
825,"Solve for x.

4+x=7",3,x=3,,,60,,,typing
826,"Solve for x.

5-x=3",2,x=2,,,60,,,typing
827,"Solve for x.

8=2+x",6,x=6,,,60,,,typing
828,"Solve for x.

7+x=12",5,x=5,,,60,,,typing
829,"Solve for x.

x/3=6",18,x=18,,,60,,,typing
830,"Solve for x.

8*x=48",6,x=6,,,60,,,typing
831,"Solve for x.

x/6=5",30,x=30,,,60,,,typing
832,"Solve for x.

36/x=4",9,x=9,,,60,,,typing
833,"Solve for x.

x/3=4",12,x=12,,,60,,,typing
834,"Solve for x.

7+x=10",3,x=3,,,60,,,typing
835,"Solve for x.

15-x=8",7,x=7,,,60,,,typing
836,"Solve for x.

15=5*x",3,x=3,,,60,,,typing
837,"Solve for x.

x+6=15",9,x=9,,,60,,,typing
838,"Solve for x.

2=x/8",16,x=16,,,60,,,typing
839,"Solve for x.

x/8=3",24,x=24,,,60,,,typing
840,"Solve for x.

15=x+7",8,x=8,,,60,,,typing
841,"Solve for x.

4+x=13",9,x=9,,,60,,,typing
842,"Solve for x.

18=x*3",6,x=6,,,60,,,typing
843,"Solve for x.

45=5*x",9,x=9,,,60,,,typing
844,"Solve for x.

9=x+5",4,x=4,,,60,,,typing
845,"Solve for x.

9=x-7",16,x=16,,,60,,,typing
846,"Solve for x.

9=x/8",72,x=72,,,60,,,typing
847,"Solve for x.

6=x/7",42,x=42,,,60,,,typing
848,"Solve for x.

5=x/6",30,x=30,,,60,,,typing
849,"Solve for x.

9=5+x",4,x=4,,,60,,,typing
850,"Solve for x.

x/2=4",8,x=8,,,60,,,typing
851,"Solve for x.

10=x+3",7,x=7,,,60,,,typing
852,"Solve for x.

3=10-x",7,x=7,,,60,,,typing
853,"Solve for x.

63/x=9",7,x=7,,,60,,,typing
854,"Solve for x.

2+x=8",6,x=6,,,60,,,typing
855,"Solve for x.

5*x=10",2,x=2,,,60,,,typing
856,"Solve for x.

3=24/x",8,x=8,,,60,,,typing
857,"Solve for x.

12=x+8",4,x=4,,,60,,,typing
858,"Solve for x.

4+x=12",8,x=8,,,60,,,typing
859,"Solve for x.

3=7-x",4,x=4,,,60,,,typing
860,"Solve for x.

32/x=8",4,x=4,,,60,,,typing
861,"Solve for x.

11=x+2",9,x=9,,,60,,,typing
862,"Solve for x.

x+7=10",3,x=3,,,60,,,typing
863,"Solve for x.

2=16/x",8,x=8,,,60,,,typing
864,"Solve for x.

x-9=6",15,x=15,,,60,,,typing
865,"Solve for x.

x-3=8",11,x=11,,,60,,,typing
866,"Solve for x.

12/x=6",2,x=2,,,60,,,typing
867,"Solve for x.

x/7=3",21,x=21,,,60,,,typing
868,"Solve for x.

9*x=36",4,x=4,,,60,,,typing
869,"Solve for x.

13-x=8",5,x=5,,,60,,,typing
870,"Solve for x.

3=x/4",12,x=12,,,60,,,typing
871,"Solve for x.

14/x=7",2,x=2,,,60,,,typing
872,"Solve for x.

28/x=4",7,x=7,,,60,,,typing
873,"Solve for x.

10=x+6",4,x=4,,,60,,,typing
874,"Solve for x.

20=5*x",4,x=4,,,60,,,typing
875,"Solve for x.

x-7=5",12,x=12,,,60,,,typing
876,"Solve for x.

5=10/x",2,x=2,,,60,,,typing
877,"Solve for x.

6=x-7",13,x=13,,,60,,,typing
878,"Solve for x.

x-4=3",7,x=7,,,60,,,typing
879,"Solve for x.

x-6=2",8,x=8,,,60,,,typing
880,"Solve for x.

9=x-3",12,x=12,,,60,,,typing
881,"Solve for x.

13-x=4",9,x=9,,,60,,,typing
882,"Solve for x.

x/8=9",72,x=72,,,60,,,typing
883,"Solve for x.

8=48/x",6,x=6,,,60,,,typing
884,"Solve for x.

x*2=18",9,x=9,,,60,,,typing
885,"Solve for x.

10-x=7",3,x=3,,,60,,,typing
886,"Solve for x.

x+3=12",9,x=9,,,60,,,typing
887,"Solve for x.

7=63/x",9,x=9,,,60,,,typing
888,"Solve for x.

7=35/x",5,x=5,,,60,,,typing
889,"Solve for x.

9=x/3",27,x=27,,,60,,,typing
890,"Solve for x.

4=x-3",7,x=7,,,60,,,typing
891,"Solve for x.

3+x=11",8,x=8,,,60,,,typing
892,"Solve for x.

x/3=5",15,x=15,,,60,,,typing
893,"Solve for x.

x/7=6",42,x=42,,,60,,,typing
894,"Solve for x.

28/x=4",7,x=7,,,60,,,typing
895,"Solve for x.

7=x-2",9,x=9,,,60,,,typing
896,"Solve for x.

10-x=4",6,x=6,,,60,,,typing
897,"Solve for x.

3=12-x",9,x=9,,,60,,,typing
898,"Solve for x.

x-6=2",8,x=8,,,60,,,typing
899,"Solve for x.

5=10/x",2,x=2,,,60,,,typing
900,"Solve for x.

3=x/6",18,x=18,,,60,,,typing
901,"Solve for x.

6=18/x",3,x=3,,,60,,,typing
902,"Solve for x.

3=x-4",7,x=7,,,60,,,typing
903,"Solve for x.

24/x=4",6,x=6,,,60,,,typing
904,"Solve for x.

8=32/x",4,x=4,,,60,,,typing
905,"Solve for x.

8=14-x",6,x=6,,,60,,,typing
906,"Solve for x.

x/3=9",27,x=27,,,60,,,typing
907,"Solve for x.

9=x-6",15,x=15,,,60,,,typing
908,"Solve for x.

x-8=4",12,x=12,,,60,,,typing
909,"Solve for x.

x*9=45",5,x=5,,,60,,,typing
910,"Solve for x.

x+3=11",8,x=8,,,60,,,typing
911,"Solve for x.

x+6=10",4,x=4,,,60,,,typing
912,"Solve for x.

x/4=8",32,x=32,,,60,,,typing
913,"Solve for x.

72/x=8",9,x=9,,,60,,,typing
914,"Solve for x.

5=13-x",8,x=8,,,60,,,typing
915,"Solve for x.

7=x/6",42,x=42,,,60,,,typing
916,"Solve for x.

3*x=18",6,x=6,,,60,,,typing
917,"Solve for x.

3*x=24",8,x=8,,,60,,,typing
918,"Solve for x.

x+2=10",8,x=8,,,60,,,typing
919,"Solve for x.

8=x/6",48,x=48,,,60,,,typing
920,"Solve for x.

9=3+x",6,x=6,,,60,,,typing
921,"Solve for x.

x/2=4",8,x=8,,,60,,,typing
922,"Solve for x.

x-2=9",11,x=11,,,60,,,typing
923,"Solve for x.

x/3=8",24,x=24,,,60,,,typing
924,"Solve for x.

x-5=4",9,x=9,,,60,,,typing
925,"Solve for x.

4=x-6",10,x=10,,,60,,,typing
926,"Solve for x.

5=x/7",35,x=35,,,60,,,typing
927,"Solve for x.

5=x/6",30,x=30,,,60,,,typing
928,"Solve for x.

9=x-7",16,x=16,,,60,,,typing
929,"Solve for x.

5=x-2",7,x=7,,,60,,,typing
930,"Solve for x.

2=x/9",18,x=18,,,60,,,typing
931,"Solve for x.

x+4=12",8,x=8,,,60,,,typing
932,"Solve for x.

6=3*x",2,x=2,,,60,,,typing
933,"Solve for x.

4=36/x",9,x=9,,,60,,,typing
934,"Solve for x.

11=x+3",8,x=8,,,60,,,typing
935,"Solve for x.

8=x-5",13,x=13,,,60,,,typing
936,"Solve for x.

9-x=5",4,x=4,,,60,,,typing
937,"Solve for x.

5+x=14",9,x=9,,,60,,,typing
938,"Solve for x.

10-x=6",4,x=4,,,60,,,typing
939,"Solve for x.

5=14-x",9,x=9,,,60,,,typing
940,"Solve for x.

32/x=4",8,x=8,,,60,,,typing
941,"Solve for x.

x-6=3",9,x=9,,,60,,,typing
942,"Solve for x.

9=13-x",4,x=4,,,60,,,typing
943,"Solve for x.

14-x=6",8,x=8,,,60,,,typing
944,"Solve for x.

11-x=2",9,x=9,,,60,,,typing
945,"Solve for x.

13-x=9",4,x=4,,,60,,,typing
946,"Solve for x.

5=2+x",3,x=3,,,60,,,typing
947,"Solve for x.

9=36/x",4,x=4,,,60,,,typing
948,"Solve for x.

x/3=9",27,x=27,,,60,,,typing
949,"Solve for x.

3=9-x",6,x=6,,,60,,,typing
950,"Solve for x.

x-9=8",17,x=17,,,60,,,typing
951,"Solve for x.

4=x/9",36,x=36,,,60,,,typing
952,"Solve for x.

x-9=3",12,x=12,,,60,,,typing
953,"Solve for x.

63=9*x",7,x=7,,,60,,,typing
954,"Solve for x.

35=5*x",7,x=7,,,60,,,typing
955,"Solve for x.

45/x=9",5,x=5,,,60,,,typing
956,"Solve for x.

9-x=2",7,x=7,,,60,,,typing
957,"Solve for x.

8=16/x",2,x=2,,,60,,,typing
958,"Solve for x.

16=2*x",8,x=8,,,60,,,typing
959,"Solve for x.

4+x=12",8,x=8,,,60,,,typing
960,"Solve for x.

11-x=6",5,x=5,,,60,,,typing
961,"Solve for x.

9+x=17",8,x=8,,,60,,,typing
962,"Solve for x.

16-x=9",7,x=7,,,60,,,typing
963,"Solve for x.

6=15-x",9,x=9,,,60,,,typing
964,"Solve for x.

18/x=9",2,x=2,,,60,,,typing
965,"Solve for x.

8=48/x",6,x=6,,,60,,,typing
966,"Solve for x.

2=8/x",4,x=4,,,60,,,typing
967,"Solve for x.

63=x*9",7,x=7,,,60,,,typing
968,"Solve for x.

36/x=4",9,x=9,,,60,,,typing
969,"Solve for x.

48/x=8",6,x=6,,,60,,,typing
970,"Solve for x.

x+4=13",9,x=9,,,60,,,typing
971,"Solve for x.

8=12-x",4,x=4,,,60,,,typing
972,"Solve for x.

2=x-8",10,x=10,,,60,,,typing
973,"Solve for x.

3=x/5",15,x=15,,,60,,,typing
974,"Solve for x.

x/3=5",15,x=15,,,60,,,typing
975,"Solve for x.

12-x=5",7,x=7,,,60,,,typing
976,"Solve for x.

12=x*3",4,x=4,,,60,,,typing
977,"Solve for x.

x+5=7",2,x=2,,,60,,,typing
978,"Solve for x.

6*x=12",2,x=2,,,60,,,typing
979,"Solve for x.

4=7-x",3,x=3,,,60,,,typing
980,"Solve for x.

8=14-x",6,x=6,,,60,,,typing
981,"Solve for x.

x-8=4",12,x=12,,,60,,,typing
982,"Solve for x.

40=8*x",5,x=5,,,60,,,typing
983,"Solve for x.

5-x=3",2,x=2,,,60,,,typing
984,"Solve for x.

6+x=14",8,x=8,,,60,,,typing
985,"Solve for x.

7+x=16",9,x=9,,,60,,,typing
986,"Solve for x.

6=13-x",7,x=7,,,60,,,typing
987,"Solve for x.

x/8=6",48,x=48,,,60,,,typing
988,"Solve for x.

18=x*6",3,x=3,,,60,,,typing
989,"Solve for x.

2=12/x",6,x=6,,,60,,,typing
990,"Solve for x.

8=10-x",2,x=2,,,60,,,typing
991,"Solve for x.

3=18/x",6,x=6,,,60,,,typing
992,"Solve for x.

x-7=2",9,x=9,,,60,,,typing
993,"Solve for x.

3+x=8",5,x=5,,,60,,,typing
994,"Solve for x.

8=x-4",12,x=12,,,60,,,typing
995,"Solve for x.

9=16-x",7,x=7,,,60,,,typing
996,"Solve for x.

8=6+x",2,x=2,,,60,,,typing
997,"Solve for x.

6+x=14",8,x=8,,,60,,,typing
998,"Solve for x.

2=14/x",7,x=7,,,60,,,typing
999,"Solve for x.

x/2=6",12,x=12,,,60,,,typing
1000,"Solve for x.

x/4=3",12,x=12,,,60,,,typing
